Drama Name,Timestamp,Urdu Subtitle,Urdu Length,English Subtitle,English Length,Episode,Genre
Jaisey Apki Merzi,00:00:14.590,جہاں تک آپ کے بیٹے کا تعلق ہے,8,as far as your son is concerned,7,,
Jaisey Apki Merzi,00:00:17.810,وہ بالکل بھی بھروسے کے قابل نہیں ہے,8,he is not trust worthy at all,7,,
Jaisey Apki Merzi,00:00:21.650,مجھے ایسا نہیں لگتا، میں اس پر پھر کبھی بھروسہ کر سکتا ہوں,13,"I don't think so, I can trust him ever again",10,,
Jaisey Apki Merzi,00:00:24.150,اگر وہ میرے بچے کی پیدائش کے بعد مجھے باہر پھینک دے تو کیا ہوگا؟,15,what if he throws me out after my child's birth?,10,,
Jaisey Apki Merzi,00:00:26.660,کیا ہوگا اگر وہ میرے بچے کو اپنے ساتھ رکھتا ہے، کیونکہ وہ بہت طاقتور ہے۔  وہ کچھ بھی کر سکتا ہے!,22,"what if he keeps my baby with him, as he is so powerful. He can do anything!",17,,
Jaisey Apki Merzi,00:00:29.790,میں نے پاپا سے کہا تھا کہ شہنا کو اس کا حق دے دو,14,I had asked dad to give Shehna her right of share,11,,
Jaisey Apki Merzi,00:00:33.290,تم دونوں کے پاس اتنا کچھ ہے!  اور اگر والد صاحب نے شہنا کو تھوڑی سی رقم دی تو اس میں بڑی بات کیا ہے؟,25,both of you have so much! And what's the big deal if dad gave a little amount to Shehna?,19,,
Jaisey Apki Merzi,00:00:37.780,ہاں، میں نے اس سے پوچھا تھا اور میں اسے ہمیشہ کہتا رہوں گا,14,"Yes, I had asked him & I will always tell him",11,,
Jaisey Apki Merzi,00:00:40.580,تم کہو گے کہ اگر تم یہاں رہو گے تو,10,you will say that only if you will stay here,10,,
Jaisey Apki Merzi,00:00:42.880,تم اپنے لالچ سے واپس آئے ہو،,7,you came back out of your greed,7,,
Jaisey Apki Merzi,00:00:46.040,سنو، مجھے مل گیا ہے۔,5,"Listen, I have had it.",5,,
Jaisey Apki Merzi,00:01:00.510,میں بوڑھا بھی ہوں اور بیمار بھی,7,I am old and sick too,6,,
Jaisey Apki Merzi,00:01:04.560,لیکن میں ضمیر کے بغیر نہیں ہوں,7,but I am not without conscience,6,,
Jaisey Apki Merzi,00:01:06.880,میری تعلیمات ختم ہو گئی ہیں،,6,my teachings have lost,4,,
Jaisey Apki Merzi,00:01:09.140,براہ کرم علیحدگی کی درخواست دیں,6,please apply for separation,4,,
Jaisey Apki Merzi,00:01:49.770,صبح والد صاحب!,3,morning dad!,2,,
Jaisey Apki Merzi,00:01:56.100,میں جانتا ہوں کہ آپ پریشان ہیں لیکن کچھ لوگوں کو اس گھر میں نہیں رہنا چاہیے یہ,18,"I know you are upset, but some people are not supposed to stay in this house",16,,
Jaisey Apki Merzi,00:02:00.670,اچھا ہے کہ آپ نے علیزے کو واپس بھیجا ہے,10,its good that you've sent back Aleezay,7,,
Jaisey Apki Merzi,00:02:02.810,وہ کل رات بھی مجھے ہر وقت ذلیل کرتی تھی،,10,she used to humiliate me at all times,8,,
Jaisey Apki Merzi,00:02:06.340,نتاشا اور میری آپس میں بحث ہوئی اور ہم نے فیصلہ کیا ہے کہ ہم اپنے بچے کو واپس لائیں گے،,21,"also last night, Natasha & I had a discussion & we have decided that we'll bring back my baby",19,,
Jaisey Apki Merzi,00:02:15.040,آپ کو کیا ہوا ہے؟,5,"what's wrong with you, dad?",5,,
Jaisey Apki Merzi,00:02:17.400,کیا تم نے ناشتہ کر لیا ہے؟,7,have you done the breakfast?,5,,
Jaisey Apki Merzi,00:02:34.060,ابا جان,2,dad,1,,
Jaisey Apki Merzi,00:02:41.260,!  والد صاحب,3,dad!,1,,
Jaisey Apki Merzi,00:02:48.410,ابا!,1,dad!,1,,
Jaisey Apki Merzi,00:06:04.910,یہ صرف میں اور آپ ایک دوسرے کے لیے اب,10,its only me & you for each other now,9,,
Jaisey Apki Merzi,00:06:08.840,کم از کم سکون میں تو,6,at least in peace,4,,
Jaisey Apki Merzi,00:06:15.050,مجھے ایسا لگتا ہے..,4,I feel like..,3,,
Jaisey Apki Merzi,00:06:19.040,مجھے ایسا لگتا ہے جیسے یہ سب میری وجہ سے ہوا تھا,12,I feel like all of this had happened because of me,11,,
Jaisey Apki Merzi,00:06:23.410,بالکل نہیں!,2,absolutely not!,2,,
Jaisey Apki Merzi,00:06:24.900,اور آپ کو یوں نہیں سوچنا چاہیے کہ,8,and you shouldn't be thinking this way,7,,
Jaisey Apki Merzi,00:06:29.630,والد صاحب کا وقت آگیا ہے,6,dad's time has come,4,,
Jaisey Apki Merzi,00:06:32.820,وہ ہمیں چھوڑ کر چلے گئے,6,he left us,3,,
Jaisey Apki Merzi,00:06:35.080,اس میں آپ کا کوئی قصور نہیں ہے,8,you have no fault in it,6,,
Jaisey Apki Merzi,00:06:41.500,مجھے ان کی یاد آتی ہے!,6,I miss him!,3,,
Jaisey Apki Merzi,00:06:43.980,مجھے بھی اس کی یاد آتی ہے,7,I miss him too,4,,
Jaisey Apki Merzi,00:06:49.650,لیکن ہم دونوں ایک دوسرے کے لیے موجود ہیں,9,but both of us are there for each other,9,,
Jaisey Apki Merzi,00:06:53.850,آپ دوبارہ ایسا مت کہیں گے,6,you won't say this again,5,,
Jaisey Apki Merzi,00:06:59.440,علیزے بھی چلا گیا,4,Aleezay has also gone,4,,
Jaisey Apki Merzi,00:07:02.530,اور ابا بھی,3,and dad too,3,,
Jaisey Apki Merzi,00:07:05.210,اب میرے پاس کیا رہ گیا ہے؟,7,what's left with me now?,5,,
Jaisey Apki Merzi,00:07:09.260,آپ کو مضبوط ہونا ضروری ہے,6,you need to be strong,5,,
Jaisey Apki Merzi,00:07:11.150,ہمیں مضبوط ہونا پڑے گا,5,we have to be strong,5,,
Jaisey Apki Merzi,00:07:13.620,ہمیں ایک دوسرے کا خیال رکھنا ہے,7,we have to take care of each other,8,,
Jaisey Apki Merzi,00:07:16.520,اس میں وقت لگے گا,5,it will take time,4,,
Jaisey Apki Merzi,00:07:18.580,ہم صرف یہ نہیں کہہ سکتے,6,we can't just say this,5,,
Jaisey Apki Merzi,00:07:21.970,میں,1,I am always here for you,6,,
Jaisey Apki Merzi,00:07:25.270,ہمیشہ آپ کے لیے حاضر ہوں...,6,always...,1,,
Jaisey Apki Merzi,00:08:31.730,آپ کے بچے کی آمد مبارک ہو، علیزے,8,"congratulations on the arrival of your baby, Aleezay",8,,
Jaisey Apki Merzi,00:08:33.720,شکریہ، ماں,2,"Thank you, mom",3,,
Jaisey Apki Merzi,00:08:36.450,اب آپ اس کی ماں ہیں، ساتھ ہی ساتھ والد,10,"now you are his mother, as well as father",9,,
Jaisey Apki Merzi,00:08:48.610,اب اس کی قسمت کا فیصلہ بھی آپ کے ہاتھ میں ہے,12,now the decision of his fate is in your hands,10,,
Jaisey Apki Merzi,00:08:52.910,اس بچے سے جڑے لوگوں کی قسمت بھی اس بچے سے وابستہ لوگوں کی قسمت کا,16,also the fate of the people associated to this baby,10,,
Jaisey Apki Merzi,00:08:57.810,فیصلہ آپ کی آنے والی نسلیں,6,your generation will decide the future of upcoming generations,9,,
Jaisey Apki Merzi,00:09:07.290,اس کو کیسے دہرانا سیکھیں گی۔  اعلیٰ اور دوسروں کی عزت کرنا,12,make him learn how to stand high & to respect others,11,,
Jaisey Apki Merzi,00:09:13.140,میں نے,2,I made a mistake,4,,
Jaisey Apki Merzi,00:09:16.200,آپ کو برابری کی بجائے کمتری کی زندگی سکھا کر غلطی کی ہے,13,by teaching you the life of inferiority instead of equality,10,,
Jaisey Apki Merzi,00:09:23.920,مجھے یقین ہے، آپ اسے بتائیں گے کہ اس کا ساتھی گاڑی کا دوسرا ٹائر ہے,16,"I am sure, you will tell him that her companion is the other tyre of the car",17,,
Jaisey Apki Merzi,00:09:31.190,جو زندگی میں برابری کا حق رکھتا ہے,8,who hold the rights of equality in life,8,,
Jaisey Apki Merzi,00:10:12.030,اس کا,2,its a boy,3,,
Jaisey Apki Merzi,00:10:14.510,8 پاؤنڈ کا لڑکا...,4,of 8 pounds...,3,,
Jaisey Apki Merzi,00:10:17.420,کاش ہم اسے دیکھتے، اسے مضبوطی سے پکڑتے،,8,"How I wish we could see him, hold him tight",10,,
Jaisey Apki Merzi,00:10:24.780,رمزا نے مجھے انسٹاگرام پر بلاک نہ کیا ہوتا، تو میں اسے دیکھتا کہ کاش میں اس کی تصویر,19,"Ramza hadn't blocked me on instagram, so I saw his picture",11,,
Jaisey Apki Merzi,00:10:29.740,دکھاتا,1,show me,2,,
Jaisey Apki Merzi,00:10:37.120,اور,1,he seems like you & our dad,7,,
Jaisey Apki Merzi,00:10:46.260,میں اسے اپنا بازو دکھاتا۔,5,I wish I could take him into my arms,9,,
Jaisey Apki Merzi,00:10:53.860,نتاشا، میں پیچھے نہیں ہٹوں گی,6,"but Natasha, I won't step back",6,,
Jaisey Apki Merzi,00:10:56.620,اگر مجھے اس کے لیے لڑنا پڑا تو میں اس کے لیے ضرور لڑوں گی,15,"if I had to fight for him, then I will fight for him for sure",15,,
Jaisey Apki Merzi,00:11:06.400,بہت پیارا,2,very cute,2,,
Jaisey Apki Merzi,00:11:11.220,لگتا ہے وہ,3,he seems just like you,5,,
Jaisey Apki Merzi,00:11:14.560,خوش قسمت ہو گا، آپ دیکھیں گے کہ,8,"he'll be lucky, you'll see",5,,
Jaisey Apki Merzi,00:11:41.790,میرب کافی مزاحیہ اداکاری کر رہی ہے,7,Meerab is acting quite funny,5,,
Jaisey Apki Merzi,00:11:44.950,نہ جانے وہ کہاں غائب ہو گئی ہے,8,don't know where he has vanished,6,,
Jaisey Apki Merzi,00:11:49.130,نہ اس نے مجھ سے بات کی تھی اور نہ ہی,11,neither he had talked to me or so,8,,
Jaisey Apki Merzi,00:11:53.610,سنجیدگی سے، ابھی مجھ میں یہ سوچنے کی ہمت نہیں ہے کہ,12,"but seriously, right now I don't have any courage to think about it",13,,
Jaisey Apki Merzi,00:12:04.340,اسے,1,"anyways, good for him",4,,
Jaisey Apki Merzi,00:12:07.300,یہاں سے اچھا کیا جانا چاہیے، ویسے بھی اسے یہاں سے جانے کی,13,"As it is, he wanted to leave from here",9,,
Jaisey Apki Merzi,00:12:16.430,ضرورت ہے۔  اب؟,3,"so, what needs to be done now?",7,,
Jaisey Apki Merzi,00:12:22.420,اب کیا,2,now what?,2,,
Jaisey Apki Merzi,00:12:27.940,علیزے تو چلی گئی تھی,5,Aleezay had gone,3,,
Jaisey Apki Merzi,00:12:33.340,لیکن جو گھٹیا حرکت وہ کر رہی ہے,8,but the lowly act she is doing,7,,
Jaisey Apki Merzi,00:12:36.280,مجھے لگتا ہے تمہیں صحبت کی ضرورت ہے۔  تم اکیلے اس سے نمٹ نہیں سکتے،,15,"I think, you need a companionship. You cannot deal with it alone",12,,
Jaisey Apki Merzi,00:13:02.060,اس کی ضرورت نہیں، شیری,5,"it is needed, Sherry",4,,
Jaisey Apki Merzi,00:13:05.250,نتالیہ اچھی لڑکی ہے,4,Natalia is a good girl,5,,
Jaisey Apki Merzi,00:13:10.890,اگر تم کہتی ہو تو مجھے اس سے بات کرنے دو، مجھے ان کے گھر جانے دو،,17,"if you say so then let me talk to her, let me go to their house",16,,
Jaisey Apki Merzi,00:13:17.610,جیسا کہ ہے، والد صاحب چاہتے تھے کہ یہ گھر رواں دواں ہو،,13,"As it is, dad wanted this house to become lively",10,,
Jaisey Apki Merzi,00:13:25.190,مجھے کسی سے کوئی دلچسپی نہیں ہے,7,I don't have an interest in anyone,7,,
Jaisey Apki Merzi,00:13:38.950,شیری، تمہیں اچھی لڑکیاں,4,"Sherry, you hardly get good girls",6,,
Jaisey Apki Merzi,00:13:43.710,بھی مشکل سے ملتی ہیں، تمہیں بچوں کی کفالت کی ضرورت ہے,12,also you need the child's custody,6,,
Jaisey Apki Merzi,00:13:46.280,اور اس کے لیے ضروری ہے کہ تم انہیں بتاؤ کہ تم شادی شدہ ہو، وہ,16,"and for this its necessary for you to tell them that you are married, you'll be better off",18,,
Jaisey Apki Merzi,00:13:52.930,پہلے سے ہی بہتر دماغ استعمال کر رہی ہے۔,9,Aleezay is already using her brain,6,,
Jaisey Apki Merzi,00:13:55.720,یہ، شیری,2,"also she'll keep on doing it, Sherry",7,,
Jaisey Apki Merzi,00:13:58.090,مجھ پر یقین کریں، آپ کو اپنا دماغ بھی استعمال کرنا چاہیے,12,"believe me, you should also use your brain",8,,
Jaisey Apki Merzi,00:14:01.570,پلیز!,1,please!,1,,
Jaisey Apki Merzi,00:15:10.060,یہاں سے نکل جاؤ!,4,get out of here!,4,,
Jaisey Apki Merzi,00:15:13.290,میں بھی ایسے گھر میں نہیں رہنا چاہتا جہاں تم دونوں کا سایہ ہو,14,even I don't want to live in such a house where there is the shadow of you both,18,,
Jaisey Apki Merzi,00:15:16.240,اگر تم یہاں رہنا نہیں چاہتے۔  باہر نکلو۔,8,leave if you don't want to stay here. Get out.,10,,
Jaisey Apki Merzi,00:15:18.530,شیری!,1,Sherry!,1,,
Jaisey Apki Merzi,00:15:19.400,شیری...,1,Sherry...,1,,
Jaisey Apki Merzi,00:15:35.410,آنٹی جیسا کہ آپ جانتے ہیں کہ علیزے ہمارا گھر چھوڑ کر چلا گیا ہے,15,"aunty, as you know that Aleezay has left our house",10,,
Jaisey Apki Merzi,00:15:38.460,اور آپ کو معلوم ہے کہ ہم نے ابھی پیپر ورک بھی شروع کیا ہے,15,"and you know, we have just started the paper work as well",12,,
Jaisey Apki Merzi,00:15:44.330,اور مجھے نتالیہ بہت پسند ہے اور وہ میری زندگی ہے,11,and I am very fond of Natalia & she is my life,12,,
Jaisey Apki Merzi,00:15:51.060,تو؟,1,So?,1,,
Jaisey Apki Merzi,00:15:54.520,تو، میں صرف سوچ رہا تھا کہ کیا شیری اور نتالیہ کی شادی ہو سکتی ہے۔  جیسا کہ آپ بھی ہمارے بارے میں سب کچھ جانتے ہیں,27,"So, I was just thinking if Sherry & Natalia could get married. As you also know everything about us",19,,
Jaisey Apki Merzi,00:16:06.010,آپ یہ کیسے سوچ سکتے ہیں کہ میں اپنی بیٹی کے لیے اس سائیکو سمجھوں گا؟,16,How could you even think that I will consider that psycho for my daughter?,14,,
Jaisey Apki Merzi,00:16:12.280,کیا نہیں کیا گیا ہے!,5,what not has been done!,5,,
Jaisey Apki Merzi,00:16:14.760,وہ ایک مکمل دھوکہ ہے!,5,he is a complete cheat!,5,,
Jaisey Apki Merzi,00:16:20.860,میں علیزے اور شہنا کو اچھی طرح جانتا ہوں کیا,10,I know Aleezay as well as Shehna very well,9,,
Jaisey Apki Merzi,00:16:24.140,تم میری بیٹی کو بیکار سمجھتے ہو؟,7,do you find my daughter a waste?,7,,
Jaisey Apki Merzi,00:16:28.640,امی، میں نے سوچا...,4,"mom, I thought...",3,,
Jaisey Apki Merzi,00:16:29.990,میں آپ جیسے لوگوں کو اپنے گھر میں کبھی نہیں آنے دوں گا،,13,I shall never let the people like you enter in my house,12,,
Jaisey Apki Merzi,00:16:35.020,میں نے آپ کو صرف ہمدانی کی وجہ سے اندر جانے دیا ہے،,13,I have let you in just because of Hamdani,9,,
Jaisey Apki Merzi,00:16:37.600,آنٹی آپ مجھ سے کیسے بات کر رہی ہیں؟,9,"how are you talking to me, Aunty?",7,,
Jaisey Apki Merzi,00:16:39.710,میں یہاں ایک تجویز لے کر آیا ہوں، اور میں کچھ چوری کرنے نہیں آیا ہوں کہ,17,"I have brought a proposal here, and I haven't come to steal anything",13,,
Jaisey Apki Merzi,00:16:42.990,دھوکے باز کون ہیں؟  وہ ڈاکو ہیں,7,who are the cheats? They are robbers,7,,
Jaisey Apki Merzi,00:16:48.200,تم فوراً میرا گھر چھوڑ دو!  اس کے بعد,9,you may leave my house right away!,7,,
Jaisey Apki Merzi,00:16:51.900,جو کچھ آپ کے گھر میں علیزے اور شہنا کے ساتھ ہوتا رہا،,13,whatever had been happening in your house with Aleezay & Shehna,11,,
Jaisey Apki Merzi,00:16:55.300,میں کبھی سوچ بھی نہیں سکتا کہ میری بیٹی اس گھر میں قدم رکھے گی۔,15,"after that, I can never imagine my daughter to step into that house!",13,,
Jaisey Apki Merzi,00:16:59.740,ہاہ!,1,huh!,1,,
Jaisey Apki Merzi,00:17:32.650,علیزے، میں اپنے بچے سے ملنا چاہتا ہوں، کیا,9,"Aleezay, I want to meet my baby",7,,
Jaisey Apki Merzi,00:17:37.150,آپ کو میرے وکیل کی طرف سے روک تھام کا حکم نہیں ملا؟,13,haven't you got a restraining order from my lawyer?,9,,
Jaisey Apki Merzi,00:17:42.260,آپ کے ساتھ کیا مسئلہ ہے؟  یہ میرا حق ہے,10,what's wrong with you? Its my right,7,,
Jaisey Apki Merzi,00:17:45.800,اوہ!  کیا تمہیں اس وقت احساس نہیں ہوا جب میں تمہارے گھر سے نکل رہا تھا؟,16,oh! haven't you realized it at that time when I was leaving your house?,14,,
Jaisey Apki Merzi,00:17:51.470,اس وقت بھی تمہارا بچہ میرے ساتھ تھا,8,even at that time your baby was with me,9,,
Jaisey Apki Merzi,00:17:57.310,تم اس وقت میرے پیچھے کیوں نہیں آئے؟  کوئی,9,why didn't you come after me at that time?,9,,
Jaisey Apki Merzi,00:18:01.080,بات نہیں کہ اب ہمارے درمیان کچھ نہیں ہے,9,no matter if nothing is there in between us anymore,10,,
Jaisey Apki Merzi,00:18:05.870,لیکن بچہ موجود ہے میں اپنے,6,but the baby is there,5,,
Jaisey Apki Merzi,00:18:09.190,بچے کو تم سے دور رکھنا پسند نہیں کرتا,9,I don't like to keep away your baby from you,10,,
Jaisey Apki Merzi,00:18:13.370,لیکن جس دن تم اس کی ماں کی اسی طرح عزت کرنا شروع کرو گے جس طرح تم اپنی ماں کی عزت کرتے ہو,24,but the day you'll start respecting his mother the same way you respect your mother,15,,
Jaisey Apki Merzi,00:18:18.250,تب میں دیکھوں گا،,4,then I will see,4,,
Jaisey Apki Merzi,00:18:22.560,تب تک سب کچھ قانونی,5,"until then, everything will happen legally",6,,
Jaisey Apki Merzi,00:18:26.520,اور قانونی طور پر ہو جائے گا، تمہیں یہاں نہیں ہونا چاہیے،,12,"and legally speaking, you are not supposed to be here",10,,
Jaisey Apki Merzi,00:18:30.060,علیزے، تم مجھ سے یہ حق نہیں چھین سکتے لیکن تم یہ حق نہیں چھین سکتے کہ,17,"Aleezay, you cannot snatch this right from me",8,,
Jaisey Apki Merzi,00:18:33.980,تم اس دنیا میں دسیوں بچوں کی شادی کر کے یہ سمجھ سکتے ہو کہ تم اس دنیا میں دسیوں بچے لا سکتے ہو۔,24,you can bring tens of children in this world by doing so many marriages,14,,
Jaisey Apki Merzi,00:18:44.640,غلطیاں کریں، اور خود کو سدھاریں,6,"when you understand your mistakes, and correct yourself",8,,
Jaisey Apki Merzi,00:18:48.730,پھر اپنے بچے سے ملیں,5,then meet your baby,4,,
Jaisey Apki Merzi,00:18:51.290,آپ غلط کر رہے ہیں، علیزے,6,"you are doing wrong, Aleezay",5,,
Jaisey Apki Merzi,00:18:53.710,کاش آپ نے اس محبت کی قدر کی ہوتی تو,10,I wish you had honored this love,7,,
Jaisey Apki Merzi,00:18:56.840,آج آپ اپنے بچے سے ملنے کے لیے نہ جھوم رہے ہوتے,12,then today you hadn't been swerving to meet your baby,10,,
Jaisey Apki Merzi,00:19:30.980,آپ وہاں کیوں گئے؟,4,why you had gone there?,5,,
Jaisey Apki Merzi,00:19:32.920,کیا تم میری توہین کرنے گئے تھے؟,7,had you gone to get me insulted?,7,,
Jaisey Apki Merzi,00:19:37.970,ویسے والد صاحب آپ کے بارے میں ٹھیک کہتے تھے۔  آپ کبھی کسی کی بات نہیں سنتے,17,"by the way, dad was right about you. You never listen to anyone",13,,
Jaisey Apki Merzi,00:19:41.680,دوسرے لوگوں کے بھی دماغ ہوتے ہیں، ٹھیک ہے؟,9,"other people also have brains, Ok?",6,,
Jaisey Apki Merzi,00:19:45.960,ہر کوئی میرے بارے میں بات کر رہا ہے کہ,10,everyone is talking about me,5,,
Jaisey Apki Merzi,00:19:48.340,میں ابھی تک اپنے بچے سے نہیں ملا، اور تم میری دوسری شادی کروانے کے لیے گھوم رہے ہو!,19,"I haven't met my baby as of yet, and you are wandering around to get me remarried!",17,,
Jaisey Apki Merzi,00:19:52.500,میں آپ کی بالکل نہیں سنوں گا، ٹھیک ہے!,9,"I won't listen to you at all, ok!",8,,
Jaisey Apki Merzi,00:19:55.660,میں نے اپنی زندگی اور اپنے کاروبار کو نظر انداز کر کے شیری کے بارے میں سوچا تھا۔  اور تم مجھے طعنہ دے رہے ہو!,25,"I had thought about you Sherry, after ignoring my life & my business. And you are taunting me!",18,,
Jaisey Apki Merzi,00:20:02.330,پلیز، کچھ نہ کرو,4,"Please, don't do anything",4,,
Jaisey Apki Merzi,00:20:04.880,بس اپنی زندگی کے بارے میں سوچو، میں خود کو سنبھال سکتا ہوں!,13,"Just think about your life, I can handle myself!",9,,
Jaisey Apki Merzi,00:20:15.560,میری تو عزت رہ گئی تھی,6,I was only left with respect,6,,
Jaisey Apki Merzi,00:20:17.810,تم نے وہ بھی برباد کر دی!,7,you have ruined that too!,5,,
Jaisey Apki Merzi,00:20:19.920,مجھے نتالیہ کی ماں سے نفرت ہے، اور میں نتالیہ سے نفرت کرتا ہوں!,14,"I hate Natalia's mom, and I hate Natalia!",8,,
Jaisey Apki Merzi,00:20:37.570,میں اس عورت کو تھپڑ مارنا چاہتا ہوں,8,I want to slap this woman..,6,,
Jaisey Apki Merzi,00:20:41.770,اگر تم اسے تھپڑ مارو تو میں تمہیں بھی تھپڑ مار سکتا ہوں,13,"if you slap her, then I can slap you too",10,,
Jaisey Apki Merzi,00:20:47.530,اگر میں تمہیں ان کے سامنے تھپڑ ماروں تو,9,What if I slapped you in front of them,9,,
Jaisey Apki Merzi,00:20:51.500,تم روز ان کا سامنا کیسے کرو گے؟,8,Then how will you face them daily?,7,,
Jaisey Apki Merzi,00:21:52.760,کیا ہوا,2,what happened?,2,,
Jaisey Apki Merzi,00:21:54.670,اس نچلے طبقے کے آدمی کی ہمت کیسے ہوئی کہ وہ مجھے طلاق کا نوٹس بھیجے!,16,how dare that low-class guy sending me a divorce notice!,10,,
Jaisey Apki Merzi,00:21:58.960,وہ مجھے پیٹھ مار رہا ہے!,6,he is back-stabbing me!,4,,
Jaisey Apki Merzi,00:22:03.390,ٹھیک ہے آرام کرو!,4,ok relax!,2,,
Jaisey Apki Merzi,00:22:05.760,آرام کرو,2,relax?,1,,
Jaisey Apki Merzi,00:22:07.590,شیری، میں اسے اتنی بری طرح ماروں گا کہ اسے کہیں اور نوکری نہیں مل سکے گی,17,"Sherry, I will thrash him so badly that he won't be able to get another job anywhere else",18,,
Jaisey Apki Merzi,00:22:12.680,تم دیکھو گے کہ میں اسے سڑکوں پر بھیک مانگنے کا یقین [ __ ] دوں گا,17,you'll see that I will ensure him to beg on the streets,12,,
Jaisey Apki Merzi,00:22:16.910,تم کیا کرو گے؟,4,what will you do?,4,,
Jaisey Apki Merzi,00:22:19.230,کیا آپ اسے طلاق کا نوٹس واپس لینے پر مجبور کریں گے؟,12,Will you compel him to take back he divorce notice?,10,,
Jaisey Apki Merzi,00:22:22.890,وہ کبھی تمھارے قابل نہیں تھا بس بھول جاؤ,9,"he was never capable of you, just forget it",9,,
Jaisey Apki Merzi,00:22:25.640,اس کی ہمت کیسے ہوئی!,5,how dare he!,3,,
Jaisey Apki Merzi,00:22:27.510,میں نتاشا ہمدانی ہوں کوئی عام لڑکی نہیں!,8,"I am Natasha Hamdani, not any normal girl!",8,,
Jaisey Apki Merzi,00:22:33.470,ٹھیک ہے پرسکون ہو جاؤ؟  ہم سنبھال لیں گے,9,Ok calm down alright? We'll handle it,7,,
Jaisey Apki Merzi,00:22:44.060,ہاں میراب,2,yes Meerab,2,,
Jaisey Apki Merzi,00:22:45.520,ہاں میں نے اپنا سامان سمیٹ لیا ہے,8,"yes, I have wind up my stuff",7,,
Jaisey Apki Merzi,00:22:48.410,میں چھوڑنے والا ہوں,4,I am about to leave,5,,
Jaisey Apki Merzi,00:22:56.030,کہاں جا رہی ہو؟,4,where are you going?,4,,
Jaisey Apki Merzi,00:22:59.570,دل سے میرب!,3,Meerab with a heart!,4,,
Jaisey Apki Merzi,00:23:02.460,maam...,1,maam...,1,,
Jaisey Apki Merzi,00:23:04.530,میں جانتا تھا، ہان!,4,"I knew it, han!",4,,
Jaisey Apki Merzi,00:23:10.650,کیا تمہیں شرم نہیں آتی، ایک شادی شدہ مرد کے ساتھ افیئر کرتے ہوئے؟,14,"don't you feel ashamed, by having an affair with a married man?",12,,
Jaisey Apki Merzi,00:23:15.710,اور وہ بھی میرے شوہر!,5,and that too my husband!,5,,
Jaisey Apki Merzi,00:23:18.730,تمہاری ہمت کیسے ہوئی!,4,how dare you!,3,,
Jaisey Apki Merzi,00:23:22.400,میں تم جیسی لڑکیوں کو اچھی طرح جانتا ہوں,9,I know the girls like you very well,8,,
Jaisey Apki Merzi,00:23:26.100,تم جیسی لڑکیاں، جو ایسے ادنیٰ طبقے سے تعلق رکھتی ہیں جو ایسی گھٹیا حرکتیں کرتی ہیں!,17,"girls like you, who belong to such a low-class who does such a lowly acts!",15,,
Jaisey Apki Merzi,00:23:32.010,اور آپ کا کیا خیال ہے؟,6,and what do you think?,5,,
Jaisey Apki Merzi,00:23:35.170,میراب کے ساتھ افیئر کے بعد آپ نتاشا بن جائیں گی؟,11,You will become Natasha after having an affair with Meerab?,10,,
Jaisey Apki Merzi,00:23:38.780,تم نتاشا کے جوتے کے برابر بھی نہیں ہو!,9,You are not even equivalent to Natasha's shoe!,8,,
Jaisey Apki Merzi,00:23:41.310,میڈم پلیز!,2,maam please!,2,,
Jaisey Apki Merzi,00:23:42.780,کیا مہربانی,2,what please?,2,,
Jaisey Apki Merzi,00:23:43.880,آپ کو افیئر کے دوران شرم نہیں آئی، ٹھیک ہے؟,10,"you didn't felt ashamed while having an affair, right?",9,,
Jaisey Apki Merzi,00:23:49.420,کہ آپ کیا کر رہے ہیں,6,that what you are doing,5,,
Jaisey Apki Merzi,00:23:50.970,آپ کے والدین نے آپ کو مکمل تربیت کے بعد بھیجا ہے,12,your parents have sent you over after complete training,9,,
Jaisey Apki Merzi,00:23:53.520,کہ جاؤ!  اور ایک شادی شدہ مرد کے ساتھ افیئر رکھو اور اس سے شادی کرو,16,that go! and have an affair with a married man & get married to him,15,,
Jaisey Apki Merzi,00:23:59.820,مام، اسے بند کرو!  کیا,5,"Maam, stop it!",3,,
Jaisey Apki Merzi,00:24:02.410,لیکن تمھیں شرم نہیں آئی یہ سب کرتے ہوئے تمھاری,10,"but you didn't feel ashamed, while doing all this",9,,
Jaisey Apki Merzi,00:24:05.980,ہمت کیسے ہوئی...,3,How dare...,2,,
Jaisey Apki Merzi,00:24:12.410,میں تمہیں طلاق دے چکا ہوں اس لیے تمہیں میری زندگی میں دخل دینے کا کوئی حق نہیں ہے۔  سمجھ گیا؟,21,"I have already divorced you, so you have no right to interfere in my life. Got it?",17,,
Jaisey Apki Merzi,00:24:17.140,اوہ!  واقعی؟,2,Oh! Really?,2,,
Jaisey Apki Merzi,00:24:19.690,تو کیا میں اس سب میں مداخلت نہیں کر سکتا؟,10,"So, I cannot interfere in all this?",7,,
Jaisey Apki Merzi,00:24:22.540,اور یہ لڑکی ہمارے درمیان مداخلت کر سکتی ہے؟,9,and this girl can interfere in between us?,8,,
Jaisey Apki Merzi,00:24:29.920,تم نے اس عورت کی وجہ سے مجھے دھوکہ دیا!,10,You cheated on me because of this woman!,8,,
Jaisey Apki Merzi,00:24:33.300,کیا کوئی موازنہ ہے میرب؟,5,"is there any comparison, Meerab?",5,,
Jaisey Apki Merzi,00:24:35.880,شرم کرو، میرب,3,"Shame on you, Meerab",4,,
Jaisey Apki Merzi,00:24:37.980,تم موازنہ جاننا چاہتی ہو؟,5,you want to know the comparison?,6,,
Jaisey Apki Merzi,00:24:41.340,پھر سنو,2,then listen,2,,
Jaisey Apki Merzi,00:24:46.130,وہ مجھے دیکھ سکتی ہے,5,She can see me,4,,
Jaisey Apki Merzi,00:24:47.950,وہ مجھے انسان سمجھتی ہے,5,She considers me as a human,6,,
Jaisey Apki Merzi,00:24:50.240,لیکن تم مجھے اپنے گھر کا نوکر بھی نہیں سمجھتے تھے,11,but you don't even used to consider me as your house's servant,12,,
Jaisey Apki Merzi,00:24:53.440,سچ یہ ہے کہ نتاشا تمہارے ساتھ کوئی نہیں رہ سکتا,11,"the truth is that...  Natasha, nobody can live with you",10,,
Jaisey Apki Merzi,00:24:57.500,یہ میری ہمت تھی کہ میں نے تمہارے ساتھ اتنا وقت گزارا ہے ورنہ تم ناقابل برداشت ہو!,18,"it was my courage that I had spent so much of time with you, otherwise you are intolerable!",18,,
Jaisey Apki Merzi,00:25:04.110,میں اس عورت کو تھپڑ مارنا چاہتا ہوں,8,I want to slap this woman...,6,,
Jaisey Apki Merzi,00:25:08.270,اگر تم اسے تھپڑ مارو گے تو میں تمہیں بھی تھپڑ مار سکتا ہوں,14,"if you slap her, then I can slap you too",10,,
Jaisey Apki Merzi,00:25:15.030,میں اب اس دفتر میں نہیں آؤں گا,8,I won't come to this office anymore,7,,
Jaisey Apki Merzi,00:25:17.130,لیکن تمہیں یہاں روزانہ آنا پڑتا ہے تو,8,but you have to come here daily,7,,
Jaisey Apki Merzi,00:25:20.400,ایک بار سوچ لو۔  اگر میں تمہیں ان کے سامنے تھپڑ ماروں,12,"So, just think once. What if I slapped you in front of them",13,,
Jaisey Apki Merzi,00:25:25.710,تو تم روز ان کا سامنا کیسے کرو گے؟,9,then how will you face them daily?,7,,
Jaisey Apki Merzi,00:25:57.280,جہنم میں جاؤ!,3,go to hell!,3,,
Jaisey Apki Merzi,00:26:14.820,تم لوگ میرا چہرہ کیوں دیکھ رہے ہو  کام پر واپس جاؤ,12,why are you guys looking at my face? Go back to work,12,,
Jaisey Apki Merzi,00:26:18.270,!,1,go!,1,,
Jaisey Apki Merzi,00:28:05.100,کیا ہوا,2,what happened?,2,,
Jaisey Apki Merzi,00:28:12.210,کیا بات ہے!,3,what the hell!,3,,
Jaisey Apki Merzi,00:28:16.250,گھر خالی کرنے کا نوٹس؟,5,notice to vacate the house?,5,,
Jaisey Apki Merzi,00:28:19.870,میں جانتا ہوں کہ,4,I know,2,,
Jaisey Apki Merzi,00:28:22.670,علیزے کے وکیل نے بھیجا تھا,6,Aleezay's lawyer had sent it,5,,
Jaisey Apki Merzi,00:28:26.140,اس کا ذکر بھی تھا کہ ہم اس گھر میں کسی چیز کو ہاتھ نہیں لگا سکتے,17,"also its mentioned, that we cannot touch anything in this house",11,,
Jaisey Apki Merzi,00:28:34.090,شیری، تمہیں اس کے خلاف لڑنا ہے یہ,8,"Sherry, you need to fight against this",7,,
Jaisey Apki Merzi,00:28:38.470,تمہارا گھر، یہ ہمارا گھر!,5,"its your house, its our house!",6,,
Jaisey Apki Merzi,00:28:46.230,نہیں نتاشا، میں نہیں جا رہی,6,"No Natasha, I am not going to",7,,
Jaisey Apki Merzi,00:28:52.140,ہم سب کچھ والد کی مرضی کے مطابق کریں گے,10,we'll do everything as per dad's will,7,,
Jaisey Apki Merzi,00:28:58.000,اور وہ ٹھیک کہہ رہے تھے,6,and he was right,4,,
Jaisey Apki Merzi,00:28:59.920,کہ یہ میرے بچے کا گھر ہے,7,that it is my baby's house,6,,
Jaisey Apki Merzi,00:29:02.650,میں ان کے ساتھ رہوں یا نہ رہوں لیکن وہ یہیں رہے گا,13,"whether I stay with him or not, but he will stay here",12,,
Jaisey Apki Merzi,00:29:11.510,کیا بڑی بات ہے، ہم کہیں بھی رہ سکتے ہیں,10,"what's the big deal, we can live anywhere",8,,
Jaisey Apki Merzi,00:29:16.220,اور مجھے یقین ہے کہ والد صاحب نے یہ قدم اٹھاتے وقت بہت سوچا ہو گا,16,and I am sure that dad must have thought a lot while taking this step,15,,
Jaisey Apki Merzi,00:29:23.320,اس کا بھی حق ہے,5,also its right as well,5,,
Jaisey Apki Merzi,00:29:26.990,کیونکہ آپ کو اپنی زندگی میں ازالہ کرنے کی ضرورت ہے لیکن,12,because you need to redress in your life,8,,
Jaisey Apki Merzi,00:29:37.080,صرف بیٹی کو سیکیورٹی نہیں دی جائے گی، باپ کو بھی حق دیا جائے گا-  وہ,16,security shall not be only given to the daughters,9,,
Jaisey Apki Merzi,00:30:03.820,گھر جو ہمدانی نے آپ کو دیا تھا۔  کیا آپ کو نہیں لگتا کہ شیری اس کے لیے آپ کے خلاف کیس دائر کر سکتی ہے؟,26,"dear, the house that Hamdani gave you. Don't you think Sherry can file a case against you for that?",19,,
Jaisey Apki Merzi,00:30:10.590,نہیں پاپا مجھے شک ہے کہ,6,"No dad, I doubt that",5,,
Jaisey Apki Merzi,00:30:14.700,میں نے شیری سے بات کی تھی,7,I had a word with Sherry,6,,
Jaisey Apki Merzi,00:30:17.310,عبداللہ کی پیدائش کے بعد وہ بھی بہت بدل گیا ہے،,11,after Abdullah's birth he has changed a lot,8,,
Jaisey Apki Merzi,00:30:21.300,وہ اور نتاشا وہ گھر چھوڑ کر جا رہے ہیں,10,"also, he & Natasha are leaving that house",8,,
Jaisey Apki Merzi,00:30:25.770,پاپا، میں سوچ رہا تھا کہ,6,"dad, I was thinking",4,,
Jaisey Apki Merzi,00:30:28.330,اتنے بڑے گھر کا کیا کروں گا؟,7,what will I do of such a big house?,9,,
Jaisey Apki Merzi,00:30:31.500,کیوں نہ ہم کسی این جی او کی مدد لیں اور اس گھر میں ایسا نظام بنائیں جہاں وہ,19,Why not we shall take any NGO's help & make such a system in that house where,17,,
Jaisey Apki Merzi,00:30:38.450,تمام لڑکیاں یا عورتیں جو ذہنی اور جسمانی طور پر تشدد کا شکار ہیں,14,all those girls or women who are tortured mentally & physically can come & live there,16,,
Jaisey Apki Merzi,00:30:45.730,ایک خاص وقت کے لیے وہاں آکر رہ سکیں جب کہ وہ,12,for a special time period when they are seeking help,10,,
Jaisey Apki Merzi,00:30:49.200,کم از کم مدد کی خواہاں ہوں، حالانکہ ان کے لیے ایک محفوظ جگہ ہونی چاہیے,16,"at least, they should be having a safe place though",10,,
Jaisey Apki Merzi,00:30:53.730,اور جب وہ خود مختار والد بن جائیں تو وہ وہاں سے چلے جائیں،,14,and they can leave from there once they become independent,10,,
Jaisey Apki Merzi,00:30:58.420,میں اتنے بڑے گھر کا کیا کروں گا؟,8,"Dad, what will I do of such a big house?",10,,
Jaisey Apki Merzi,00:31:03.320,میرے لیے اتنا ہی کافی ہے کہ میرے پاس میرا اپنا گھر ہے,13,its enough for me that I have my own house,10,,
Jaisey Apki Merzi,00:31:08.160,آپ سب وہاں میرے بچے کے ساتھ ہیں,8,all of you are there with my baby,8,,
Jaisey Apki Merzi,00:31:11.250,مجھے اس پراپرٹی کی ضرورت نہیں ہے,7,I don't need this property,5,,
Jaisey Apki Merzi,00:31:14.030,دستاویزات کی جانچ پڑتال کروائیں اور یہ آپ کا فیصلہ ہے!,11,get the documents checked & that's your decision!,8,,
Jaisey Apki Merzi,00:31:19.310,خیال واقعی اچھا ہے,4,the idea is really good,5,,
Jaisey Apki Merzi,00:31:23.650,مجھے آپ پر فخر ہے!,5,I am proud of you!,5,,
Jaisey Apki Merzi,00:31:31.280,میرے پیارے بچے...,3,my dear child...,3,,
Jaisey Apki Merzi,00:35:54.140,میں آپ لوگوں کو بہت یاد کروں گا، میں آپ لوگوں کے بغیر کیسے رہوں گا؟,16,"I will miss you guys a lot, how will I live without you guys?",14,,
Jaisey Apki Merzi,00:35:58.120,تم زندہ رہو گے، جیسا کہ تم لوہے کی عورت ہو!,11,"you will live, as you are an iron lady!",9,,
Jaisey Apki Merzi,00:36:03.060,میں صبح آپ لوگوں سے ملنے جاؤں گا,8,I will go to see off you guys in the morning,11,,
Jaisey Apki Merzi,00:36:05.210,پاپا، آپ اتنی صبح کیسے سنبھالیں گے؟  ہماری فلائٹ صبح 6 بجے کی ہے اور ہمیں 3 بجے کے قریب ایئرپورٹ پہنچنا ہے کوئی,24,"Dad, how will you manage so early morning? Our flight is of 6am & we have to reach at the airport around 3am",23,,
Jaisey Apki Merzi,00:36:10.210,حرج نہیں، میں رات کا پرندہ ہوں!,7,"no problem, I am a night bird!",7,,
Jaisey Apki Merzi,00:36:15.350,سچ ہے کہ...,3,true that...,2,,
Jaisey Apki Merzi,00:36:30.050,میں علیزے احتشام آج اتنے دنوں کے بعد آپ لوگوں سے مخاطب ہو رہا ہوں,15,"I, Aleezay Ehtashaam is addressing you guys today after so many days",12,,
Jaisey Apki Merzi,00:36:36.650,ایسا لگتا ہے کہ یہ کل کی بات ہے، جب میں آپ لوگوں سے بات کرتا تھا تو,18,"it seems that it was just the matter of yesterday, when I used to talk to you guys",18,,
Jaisey Apki Merzi,00:36:42.020,زندگی میرے بس میں تھی,5,life was in my control,5,,
Jaisey Apki Merzi,00:36:45.210,کوئی چوٹی ایسی نہیں تھی جسے میں نہ چڑھ سکتا,10,there wasn't any peak that I couldn't climb,8,,
Jaisey Apki Merzi,00:36:48.900,کوئی آزمائش ایسی نہیں تھی جس میں میں کامیاب نہ ہو سکوں,12,there wasn't any trial that I couldn't succeed in,9,,
Jaisey Apki Merzi,00:36:57.060,اور پھر...,2,and then...,2,,
Jaisey Apki Merzi,00:36:59.880,پھر میری زندگی اپنی آنکھوں سے پھسلتے ہوئے خود ہی ہاتھ پھسلنے لگی جیسے,14,then my life started slipping from my hands like sand,10,,
Jaisey Apki Merzi,00:37:04.870,میں نے اپنی آنکھوں سے ریت کو دیکھا۔,8,I saw myself falling in my own eyes,8,,
Jaisey Apki Merzi,00:37:11.810,میں نے اپنی خودداری اور عزت نفس کو پامال ہوتے دیکھا,11,I saw my autonomy & self-respect being shattered,8,,
Jaisey Apki Merzi,00:37:18.870,اور کس کے لیے؟,4,and for whom?,3,,
Jaisey Apki Merzi,00:37:20.980,قربانی کا بکرا ڈھونڈنا اور اپنا بوجھ اس پر ڈالنا بہت آسان ہے,13,its very easy to find a scapegoat & to shift your burden on it,14,,
Jaisey Apki Merzi,00:37:26.380,لیکن اپنی کہانی میں میں ہیرو بھی ہوں اور ولن بھی ہوں,12,"but in my story, I am the hero as well as the villain",13,,
Jaisey Apki Merzi,00:37:35.170,میں,1,I kept on tarnishing my self-respect myself,7,,
Jaisey Apki Merzi,00:37:38.490,طعنوں کے خوف سے اور لوگ کیا کہیں گے اس خوف سے اپنی عزت نفس کو داغدار کرتا رہا,19,by the fear of taunts & by the fear of what will people say,14,,
Jaisey Apki Merzi,00:37:43.380,لیکن صرف ایک لمحے نے میری آنکھوں سے پٹی ہٹا دی تھی,12,but just a single moment had removed the blindfold from my eyes,12,,
Jaisey Apki Merzi,00:37:49.510,میں نے پھر سے,4,I started to see again,5,,
Jaisey Apki Merzi,00:37:51.980,دیکھنا شروع کر دیا کہ میں جس,7,I started seeing that this is not who I am,10,,
Jaisey Apki Merzi,00:37:55.650,سانچے میں ڈھالنے کی کوشش کر رہا ہوں وہ کبھی نہیں ہو سکتا۔,13,"the mould in which they are trying to put me, I can never fit into it",16,,
Jaisey Apki Merzi,00:38:03.140,پھر فیصلے کا وقت آیا,5,then the time for decision came,6,,
Jaisey Apki Merzi,00:38:05.620,اور میں نے فیصلہ کیا,5,and I took a decision,5,,
Jaisey Apki Merzi,00:38:08.120,نہ صرف اپنے لیے,4,not only for myself,4,,
Jaisey Apki Merzi,00:38:10.600,بلکہ اپنے سے جڑے اس ننھے بچے کے لیے بھی,10,but also for this little baby associated to me,9,,
Jaisey Apki Merzi,00:38:20.730,میں آپ سب کو بتانا چاہتا ہوں کہ ہم اپنا حق چھوڑ کر دوسروں کو خوش رکھنے کے لیے اپنے ساتھ ناانصافی کر کے اس معاشرے کی بنیاد کو کھوکھلا کر رہے ہیں,33,I want to tell you all that we are making the basis of this society hollow by doing injustice to ourselves for keeping others happy,25,,
Jaisey Apki Merzi,00:38:30.460,ہم ظالموں کے بازو مزید لمبے کر لیتے ہیں,9,by leaving our right we make the arms of cruel people more long,13,,
Jaisey Apki Merzi,00:38:34.790,اپنے لیے جینے کے لیے,5,to live for ourselves,4,,
Jaisey Apki Merzi,00:38:37.320,کسی کے ساتھ ناانصافی نہ کریں,6,not to do injustice with anyone,6,,
Jaisey Apki Merzi,00:38:39.450,بلکہ اپنے حق کے لیے کھڑے ہونے کے لیے,9,but to stand for our right is called life,9,,
Jaisey Apki Merzi,00:38:48.120,آج اپنی زندگی کا سفر آپ سب کو,8,So today I am in front of you all,9,,
Jaisey Apki Merzi,00:38:51.040,بتانے کے لیے کہا جا رہا ہے۔,7,to tell you the story of my journey,8,,
Jaisey Apki Merzi,00:38:54.630,ممکن ہے کہ جب میں اپنی غلطیوں کی نشاندہی کروں,10,"there is a possibility, that when I identify my mistakes",10,,
Jaisey Apki Merzi,00:38:59.350,تو شاید آپ لوگ,4,then maybe you people don't repeat those mistakes,8,,
Jaisey Apki Merzi,00:39:03.290,دو سال پہلے کی غلطیاں نہ دہرائیں...,7,two years ago...,3,,
Jaisey Apki Merzi,00:39:05.520,میں بھی آپ لوگوں کی طرح ایک عام سی لڑکی تھی۔,11,I was an ordinary girl just like you people,9,,
